{
    "decision_tree": {
        "params": {
            "score": 0.97934931981061,
            "time": 5.838437080383301
        },
        "train": {
            "time": 2.867676258087158,
            "score": 0.9938
        },
        "test": {
            "f1": 0.7013312420154323,
            "accuracy": 0.740596167494677,
            "precision": 0.7280367995420755,
            "recall": 0.740596167494677,
            "time": 0.17906713485717773
        }
    },
    "random_forest": {
        "params": {
            "score": 0.9978399513443873,
            "time": 32.878275632858276
        },
        "train": {
            "time": 42.75920295715332,
            "score": 0.9948
        },
        "test": {
            "f1": 0.7045918195295505,
            "accuracy": 0.7381564939673527,
            "precision": 0.7630946620758711,
            "recall": 0.7381564939673527,
            "time": 0.2572438716888428
        }
    },
    "knn": {
        "params": {
            "score": 0.9885581466095035,
            "time": 8.95233416557312
        },
        "train": {
            "time": 92.70756196975708,
            "score": 1.0
        },
        "test": {
            "f1": 0.740664114117832,
            "accuracy": 0.7715578424414479,
            "precision": 0.7580421534576762,
            "recall": 0.7715578424414479,
            "time": 160.61054611206055
        }
    },
    "logistic_regression": {
        "params": {
            "score": 0.9881815560223064,
            "time": 0.8174867630004883
        },
        "train": {
            "time": 13.221244096755981,
            "score": 0.9336
        },
        "test": {
            "f1": 0.7795507755755844,
            "accuracy": 0.7899219304471257,
            "precision": 0.8248636030055857,
            "recall": 0.7899219304471257,
            "time": 0.16381001472473145
        }
    },
    "mlp": {
        "params": {
            "score": 0.9908936461151671,
            "time": 34.476081132888794
        },
        "train": {
            "time": 15.84923505783081,
            "score": 0.9893
        },
        "test": {
            "f1": 0.7520208635710036,
            "accuracy": 0.7736870120652946,
            "precision": 0.8117555255114333,
            "recall": 0.7736870120652946,
            "time": 0.19083499908447266
        }
    },
    "ada_boost": {
        "params": {
            "score": 0.9945092945392845,
            "time": 32.86962103843689
        },
        "train": {
            "time": 54.70901894569397,
            "score": 0.9438
        },
        "test": {
            "f1": 0.7123717479247169,
            "accuracy": 0.7397533711852378,
            "precision": 0.7872550097033055,
            "recall": 0.7397533711852378,
            "time": 1.4617669582366943
        }
    },
    "svm": {
        "test": {
            "f1": 0.7233533303069303,
            "accuracy": 0.7709811923349894,
            "precision": 0.7009062957619725,
            "recall": 0.7709811923349894,
            "time": 22.15470814704895
        }
    }
}