{
    "decision_tree": {
        "params": {
            "score": 0.9875842415690523,
            "time": 3.10546612739563
        },
        "train": {
            "time": 0.5847728252410889,
            "score": 0.9986
        },
        "test": {
            "f1": 0.844220248603927,
            "accuracy": 0.8445118866970157,
            "precision": 0.8522344807970412,
            "recall": 0.8445118866970157,
            "time": 0.06827116012573242
        }
    },
    "random_forest": {
        "params": {
            "score": 0.9997056275150942,
            "time": 14.558899879455566
        },
        "train": {
            "time": 4.6903228759765625,
            "score": 0.9962
        },
        "test": {
            "f1": 0.8466482999309439,
            "accuracy": 0.844663631765301,
            "precision": 0.8604790721168994,
            "recall": 0.844663631765301,
            "time": 0.22277617454528809
        }
    },
    "knn": {
        "params": {
            "score": 0.9890189773634009,
            "time": 4.728956937789917
        },
        "train": {
            "time": 39.09134101867676,
            "score": 0.9999
        },
        "test": {
            "f1": 0.828874384641228,
            "accuracy": 0.8326757713707638,
            "precision": 0.8319675016271724,
            "recall": 0.8326757713707638,
            "time": 74.22817707061768
        }
    },
    "logistic_regression": {
        "params": {
            "score": 0.9943246418873324,
            "time": 0.29854893684387207
        },
        "train": {
            "time": 1.7312812805175781,
            "score": 0.96
        },
        "test": {
            "f1": 0.8361097258266061,
            "accuracy": 0.839453717754173,
            "precision": 0.8581532445875457,
            "recall": 0.839453717754173,
            "time": 0.11541509628295898
        }
    },
    "svm": {
        "params": {
            "score": 0.995490632575616,
            "time": 12.744086027145386
        },
        "train": {
            "time": 67.96786618232727,
            "score": 0.9971
        },
        "test": {
            "f1": 0.8775354260100399,
            "accuracy": 0.8791603439554881,
            "precision": 0.8839943809731119,
            "recall": 0.8791603439554881,
            "time": 12.32750415802002
        }
    },
    "mlp": {
        "params": {
            "score": 0.9970671631009739,
            "time": 10.869497776031494
        },
        "train": {
            "time": 2.488469123840332,
            "score": 0.9878
        },
        "test": {
            "f1": 0.853018492501389,
            "accuracy": 0.8566009104704098,
            "precision": 0.8705024465542315,
            "recall": 0.8566009104704098,
            "time": 0.09827780723571777
        }
    },
    "ada_boost": {
        "params": {
            "score": 0.999183550658901,
            "time": 10.613205909729004
        },
        "train": {
            "time": 12.273573875427246,
            "score": 0.9904
        },
        "test": {
            "f1": 0.8615805853622579,
            "accuracy": 0.865048052604957,
            "precision": 0.8775342279369865,
            "recall": 0.865048052604957,
            "time": 0.8977789878845215
        }
    }
}