{
    "decision_tree": {
        "params": {
            "score": 0.9646298942347995,
            "time": 1.3561058044433594
        },
        "train": {
            "time": 0.23139500617980957,
            "score": 0.9943
        },
        "test": {
            "f1": 0.8562022650023834,
            "accuracy": 0.8559612301413788,
            "precision": 0.8675487283428319,
            "recall": 0.8559612301413788,
            "time": 0.16118693351745605
        }
    },
    "random_forest": {
        "params": {
            "score": 0.9818398482741949,
            "time": 16.40857768058777
        },
        "train": {
            "time": 1.7343220710754395,
            "score": 0.9963
        },
        "test": {
            "f1": 0.9235406229581477,
            "accuracy": 0.9235169800320653,
            "precision": 0.9235823980386673,
            "recall": 0.9235169800320653,
            "time": 0.44934606552124023
        }
    },
    "knn": {
        "params": {
            "score": 0.9592920512806579,
            "time": 2.1065690517425537
        },
        "train": {
            "time": 8.513474702835083,
            "score": 1.0
        },
        "test": {
            "f1": 0.8472702579875685,
            "accuracy": 0.8512728951076131,
            "precision": 0.8690808706475588,
            "recall": 0.8512728951076131,
            "time": 136.98516726493835
        }
    },
    "logistic_regression": {
        "params": {
            "score": 0.9701376506556837,
            "time": 0.15655183792114258
        },
        "train": {
            "time": 0.9460361003875732,
            "score": 0.9829
        },
        "test": {
            "f1": 0.8013415900563707,
            "accuracy": 0.8103653500461546,
            "precision": 0.8444400572098335,
            "recall": 0.8103653500461546,
            "time": 0.23640108108520508
        }
    },
    "svm": {
        "params": {
            "score": 0.9682562964623468,
            "time": 34.79854607582092
        }
    },
    "mlp": {
        "params": {
            "score": 0.9726085070729358,
            "time": 6.897057056427002
        },
        "train": {
            "time": 2.8923540115356445,
            "score": 0.9862
        },
        "test": {
            "f1": 0.8155305734864258,
            "accuracy": 0.8232157605791187,
            "precision": 0.8549765017175868,
            "recall": 0.8232157605791187,
            "time": 0.30955004692077637
        }
    },
    "ada_boost": {
        "params": {
            "score": 0.981311415740643,
            "time": 7.1633570194244385
        },
        "train": {
            "time": 20.339419841766357,
            "score": 0.9808
        },
        "test": {
            "f1": 0.8300721620206828,
            "accuracy": 0.8367949278530826,
            "precision": 0.8681049917448679,
            "recall": 0.8367949278530826,
            "time": 1.3372690677642822
        }
    }
}