{
    "decision_tree": {
        "params": {
            "score": 0.9875842415690523,
            "time": 2.8986270427703857
        },
        "train": {
            "time": 0.8211672306060791,
            "score": 0.9986
        },
        "test": {
            "f1": 0.8440457450154474,
            "accuracy": 0.844309559939302,
            "precision": 0.8520578355280904,
            "recall": 0.844309559939302,
            "time": 0.06958389282226562
        }
    },
    "random_forest": {
        "params": {
            "score": 0.9996063339160711,
            "time": 13.265368938446045
        },
        "train": {
            "time": 5.999959945678711,
            "score": 0.997
        },
        "test": {
            "f1": 0.8491647326002434,
            "accuracy": 0.8510369246332827,
            "precision": 0.8656736582082537,
            "recall": 0.8510369246332827,
            "time": 0.24449491500854492
        }
    },
    "knn": {
        "params": {
            "score": 0.9890189773634009,
            "time": 4.637135982513428
        },
        "train": {
            "time": 3.075870990753174,
            "score": 0.9999
        },
        "test": {
            "f1": 0.8289258086077265,
            "accuracy": 0.8327263530601922,
            "precision": 0.8320101052234155,
            "recall": 0.8327263530601922,
            "time": 3.5041120052337646
        }
    },
    "logistic_regression": {
        "params": {
            "score": 0.9943246418873324,
            "time": 0.2253098487854004
        },
        "train": {
            "time": 1.5331430435180664,
            "score": 0.96
        },
        "test": {
            "f1": 0.8361097258266061,
            "accuracy": 0.839453717754173,
            "precision": 0.8581532445875457,
            "recall": 0.839453717754173,
            "time": 0.1264660358428955
        }
    },
    "mlp": {
        "params": {
            "score": 0.9978810495651024,
            "time": 11.703055143356323
        },
        "train": {
            "time": 13.151987791061401,
            "score": 0.9816
        },
        "test": {
            "f1": 0.8354624581247754,
            "accuracy": 0.8388973191704603,
            "precision": 0.8560412877595763,
            "recall": 0.8388973191704603,
            "time": 0.14156293869018555
        }
    },
    "ada_boost": {
        "params": {
            "score": 0.999183550658901,
            "time": 10.029763221740723
        },
        "train": {
            "time": 28.34807801246643,
            "score": 0.9904
        },
        "test": {
            "f1": 0.8615805853622579,
            "accuracy": 0.865048052604957,
            "precision": 0.8775342279369865,
            "recall": 0.865048052604957,
            "time": 0.7614140510559082
        }
    },
    "svm": {
        "params": {
            "score": 0.995490632575616,
            "time": 12.39292311668396
        },
        "train": {
            "time": 72.3052909374237,
            "score": 0.9971
        },
        "test": {
            "f1": 0.8775354260100399,
            "accuracy": 0.8791603439554881,
            "precision": 0.8839943809731119,
            "recall": 0.8791603439554881,
            "time": 12.39348292350769
        }
    }
}