{
    "decision_tree": {
        "params": {
            "score": 0.8349791856661106,
            "time": 1.018017053604126
        },
        "train": {
            "time": 1.7685449123382568,
            "score": 0.8496
        },
        "test": {
            "f1": 0.8141419961538049,
            "accuracy": 0.8124501396090945,
            "precision": 0.8199912008502891,
            "recall": 0.8124501396090945,
            "time": 0.1278059482574463
        }
    },
    "random_forest": {
        "params": {
            "score": 0.8356177812365014,
            "time": 9.669869184494019
        },
        "train": {
            "time": 24.095546007156372,
            "score": 0.8737
        },
        "test": {
            "f1": 0.8441798324922876,
            "accuracy": 0.8432887913841245,
            "precision": 0.8464052978982065,
            "recall": 0.8432887913841245,
            "time": 0.47155284881591797
        }
    },
    "knn": {
        "params": {
            "score": 0.8342692268439142,
            "time": 1.4907100200653076
        },
        "train": {
            "time": 9.336204051971436,
            "score": 0.9317
        },
        "test": {
            "f1": 0.8670691861724388,
            "accuracy": 0.8703131232548863,
            "precision": 0.875132010123796,
            "recall": 0.8703131232548863,
            "time": 72.90131378173828
        }
    },
    "logistic_regression": {
        "params": {
            "score": 0.68471591414446,
            "time": 0.10503602027893066
        },
        "train": {
            "time": 0.7780990600585938,
            "score": 0.7114
        },
        "test": {
            "f1": 0.6904122999543567,
            "accuracy": 0.7124301954527323,
            "precision": 0.7154897595413944,
            "recall": 0.7124301954527323,
            "time": 0.2096419334411621
        }
    },
    "mlp": {
        "params": {
            "score": 0.8248537752614286,
            "time": 10.33783221244812
        },
        "train": {
            "time": 164.9041919708252,
            "score": 0.8088
        },
        "test": {
            "f1": 0.8002847438626316,
            "accuracy": 0.8118642800159553,
            "precision": 0.830690184673125,
            "recall": 0.8118642800159553,
            "time": 0.21485114097595215
        }
    },
    "ada_boost": {
        "params": {
            "score": 0.8290336347085097,
            "time": 4.4543070793151855
        },
        "train": {
            "time": 6.7086241245269775,
            "score": 0.7984
        },
        "test": {
            "f1": 0.7888956118840756,
            "accuracy": 0.8014309932189868,
            "precision": 0.8191458000197016,
            "recall": 0.8014309932189868,
            "time": 0.6080601215362549
        }
    }
}