{
    "decision_tree": {
        "params": {
            "score": 0.8198514665681581,
            "time": 1.9376697540283203
        },
        "train": {
            "time": 2.799086093902588,
            "score": 0.8596
        },
        "test": {
            "f1": 0.820628588310166,
            "accuracy": 0.8191937574790586,
            "precision": 0.8250123433451884,
            "recall": 0.8191937574790586,
            "time": 0.12508130073547363
        }
    },
    "random_forest": {
        "params": {
            "score": 0.8348806401371366,
            "time": 21.061001777648926
        },
        "train": {
            "time": 26.414774179458618,
            "score": 0.8767
        },
        "test": {
            "f1": 0.8437894805382088,
            "accuracy": 0.8429273035500598,
            "precision": 0.8458799889541581,
            "recall": 0.8429273035500598,
            "time": 0.3984498977661133
        }
    },
    "knn": {
        "params": {
            "score": 0.8342415513132817,
            "time": 2.8386268615722656
        },
        "train": {
            "time": 20.28435206413269,
            "score": 0.9298
        },
        "test": {
            "f1": 0.8696876128737919,
            "accuracy": 0.8728809333865177,
            "precision": 0.8779220281343804,
            "recall": 0.8728809333865177,
            "time": 101.55691409111023
        }
    },
    "logistic_regression": {
        "params": {
            "score": 0.68471591414446,
            "time": 0.18462395668029785
        },
        "train": {
            "time": 1.2164318561553955,
            "score": 0.7181
        },
        "test": {
            "f1": 0.6904122999543567,
            "accuracy": 0.7124301954527323,
            "precision": 0.7154897595413944,
            "recall": 0.7124301954527323,
            "time": 0.2014448642730713
        }
    },
    "mlp": {
        "params": {
            "score": 0.8242067998609883,
            "time": 14.807590007781982
        },
        "train": {
            "time": 55.418699979782104,
            "score": 0.8076
        },
        "test": {
            "f1": 0.7935891932511498,
            "accuracy": 0.805930893498205,
            "precision": 0.8248840845049604,
            "recall": 0.805930893498205,
            "time": 0.19149279594421387
        }
    },
    "ada_boost": {
        "params": {
            "score": 0.8290336347085097,
            "time": 8.720430135726929
        },
        "train": {
            "time": 11.85274887084961,
            "score": 0.8038
        },
        "test": {
            "f1": 0.7888956118840756,
            "accuracy": 0.8014309932189868,
            "precision": 0.8191458000197016,
            "recall": 0.8014309932189868,
            "time": 0.5792865753173828
        }
    }
}